timestamp,pm1_ug_m3,pm25_ug_m3,pm4_ug_m3,pm10_ug_m3,humidity_percent,temperature_c,voc_index,nox_index,co2_ppm,particulate_hazard,voc_hazard,nox_hazard,co2_hazard,yolo_active,mask_detected,respirator_detected,goggles_detected,required_ppe,ppe_confirmed
2026-08-24T22:23:54,6553.5,6553.5,6553.5,6553.5,50.4,28.1,0,0,65535,True,False,False,True,False,,,,,
2026-08-24T22:23:55,6553.5,6553.5,6553.5,6553.5,50.4,28.1,0,0,65535,True,False,False,True,False,,,,,
2026-08-24T22:23:56,3.1,3.7,4.1,4.2,50.4,28.1,0,0,65535,False,False,False,True,False,,,,,
2026-08-24T22:23:57,2.9,3.5,3.8,4.0,50.4,28.1,0,0,65535,False,False,False,True,False,,,,,
2026-08-24T22:23:58,2.7,3.2,3.6,3.7,50.4,28.1,0,0,65535,False,False,False,True,False,,,,,
2026-08-24T22:23:59,2.5,3.0,3.3,3.5,50.4,28.1,0,0,1685,False,False,False,False,False,,,,,
2026-08-24T22:24:00,2.3,2.8,3.1,3.2,50.4,28.1,0,0,1685,False,False,False,False,False,,,,,
2026-08-24T22:24:01,2.3,2.8,3.1,3.2,50.4,28.1,0,0,1685,False,False,False,False,False,,,,,
2026-08-24T22:24:02,2.3,2.8,3.1,3.2,50.4,28.1,0,0,1685,False,False,False,False,False,,,,,
2026-08-24T22:24:03,2.3,2.8,3.1,3.2,50.4,28.1,0,0,1685,False,False,False,False,False,,,,,
2026-08-24T22:24:04,2.2,2.7,2.9,3.1,50.4,28.1,0,0,1678,False,False,False,False,False,,,,,
2026-08-24T22:24:05,2.2,2.7,2.9,3.1,50.4,28.1,0,0,1672,False,False,False,False,False,,,,,
2026-08-24T22:24:06,2.2,2.7,2.9,3.1,50.4,28.1,0,0,1665,False,False,False,False,False,,,,,
2026-08-24T22:24:07,2.2,2.7,2.9,3.1,50.4,28.1,0,0,1659,False,False,False,False,False,,,,,
2026-08-24T22:24:08,2.2,2.7,2.9,3.1,50.4,28.1,0,0,1653,False,False,False,False,False,,,,,
2026-08-24T22:24:09,2.2,2.7,2.9,3.1,50.4,28.1,0,0,1651,False,False,False,False,False,,,,,
2026-08-24T22:24:10,2.2,2.7,2.9,3.1,50.4,28.1,0,0,1650,False,False,False,False,False,,,,,
2026-08-24T22:24:10,2.1,2.5,2.8,2.9,50.4,28.1,0,0,1649,False,False,False,False,False,,,,,
2026-08-24T22:24:12,2.1,2.5,2.8,2.9,50.4,28.0,0,0,1648,False,False,False,False,False,,,,,
2026-08-24T22:24:12,2.1,2.5,2.8,2.9,50.4,28.0,0,0,1647,False,False,False,False,False,,,,,
2026-08-24T22:24:14,2.1,2.5,2.8,2.9,50.4,28.0,0,0,1643,False,False,False,False,False,,,,,
2026-08-24T22:24:14,2.1,2.5,2.8,2.9,50.4,28.0,0,0,1640,False,False,False,False,False,,,,,
2026-08-24T22:24:15,2.1,2.5,2.8,2.9,50.4,28.0,0,0,1637,False,False,False,False,False,,,,,
2026-08-24T22:24:16,2.1,2.5,2.8,2.9,50.4,28.0,0,0,1634,False,False,False,False,False,,,,,
2026-08-24T22:24:17,2.0,2.4,2.7,2.8,50.4,28.0,0,0,1631,False,False,False,False,False,,,,,
2026-08-24T22:24:18,2.0,2.4,2.7,2.8,50.4,28.0,0,0,1624,False,False,False,False,False,,,,,
2026-08-24T22:24:19,2.0,2.4,2.7,2.8,50.4,28.0,0,0,1618,False,False,False,False,False,,,,,
2026-08-24T22:24:20,2.0,2.4,2.7,2.8,50.4,27.9,0,0,1611,False,False,False,False,False,,,,,
2026-08-24T22:24:21,2.0,2.4,2.7,2.8,50.4,27.9,0,0,1605,False,False,False,False,False,,,,,
2026-08-24T22:24:22,2.0,2.4,2.7,2.8,50.5,27.9,0,0,1599,False,False,False,False,False,,,,,
2026-08-24T22:24:23,1.9,2.3,2.6,2.7,50.5,27.8,0,0,1594,False,False,False,False,False,,,,,
2026-08-24T22:24:24,1.9,2.3,2.6,2.7,50.5,27.8,0,0,1589,False,False,False,False,False,,,,,
2026-08-24T22:24:25,1.9,2.3,2.6,2.7,50.5,27.8,0,0,1584,False,False,False,False,False,,,,,
2026-08-24T22:24:26,1.9,2.3,2.6,2.7,50.5,27.7,0,0,1579,False,False,False,False,False,,,,,
2026-08-24T22:24:27,1.9,2.3,2.6,2.7,50.6,27.7,0,0,1574,False,False,False,False,False,,,,,
2026-08-24T22:24:28,1.9,2.2,2.4,2.5,50.6,27.6,0,0,1570,False,False,False,False,False,,,,,
2026-08-24T22:24:29,1.9,2.2,2.4,2.5,50.7,27.6,0,0,1566,False,False,False,False,False,,,,,
2026-08-24T22:24:30,1.9,2.2,2.4,2.5,50.7,27.5,0,0,1562,False,False,False,False,False,,,,,
2026-08-24T22:24:31,1.9,2.2,2.4,2.5,50.8,27.4,0,0,1558,False,False,False,False,False,,,,,
2026-08-24T22:24:32,1.9,2.2,2.4,2.5,51.0,27.4,0,0,1554,False,False,False,False,False,,,,,
2026-08-24T22:24:33,1.8,2.1,2.3,2.4,51.1,27.3,0,0,1550,False,False,False,False,False,,,,,
2026-08-24T22:24:34,1.8,2.1,2.3,2.4,51.2,27.2,0,0,1547,False,False,False,False,False,,,,,
2026-08-24T22:24:35,1.8,2.1,2.3,2.4,51.5,27.2,0,0,1543,False,False,False,False,False,,,,,
2026-08-24T22:24:36,1.8,2.1,2.3,2.4,51.7,27.1,0,0,1540,False,False,False,False,False,,,,,
2026-08-24T22:24:37,1.8,2.1,2.3,2.4,51.9,27.0,0,0,1539,False,False,False,False,False,,,,,
2026-08-24T22:24:38,1.7,2.0,2.2,2.3,52.1,26.9,0,0,1539,False,False,False,False,False,,,,,
2026-08-24T22:24:39,1.7,2.0,2.2,2.3,52.4,26.8,1190,10,1539,False,True,False,False,False,,,,,
2026-08-24T22:24:40,1.7,2.0,2.2,2.3,52.6,26.8,1190,10,1539,False,True,False,False,False,,,,,
2026-08-24T22:24:41,1.7,2.0,2.2,2.3,52.9,26.7,1190,10,1539,False,True,False,False,False,,,,,
2026-08-24T22:24:42,1.7,2.0,2.2,2.3,53.2,26.6,1190,10,1539,False,True,False,False,True,False,False,True,RESPIRATOR,False
2026-08-24T22:24:43,1.6,1.9,2.1,2.2,53.5,26.5,1190,10,1539,False,True,False,False,True,False,False,True,RESPIRATOR,False
2026-08-24T22:24:44,1.6,1.9,2.1,2.2,53.8,26.5,1190,10,1539,False,True,False,False,True,False,False,True,RESPIRATOR,False
2026-08-24T22:24:45,1.6,1.9,2.1,2.2,54.1,26.4,1190,10,1539,False,True,False,False,True,False,False,True,RESPIRATOR,False
2026-08-24T22:24:46,1.6,1.9,2.1,2.2,54.4,26.3,1190,10,1540,False,True,False,False,True,False,False,True,RESPIRATOR,False
2026-08-24T22:24:47,1.6,1.9,2.1,2.2,54.6,26.2,1190,10,1540,False,True,False,False,True,False,False,True,RESPIRATOR,False
2026-08-24T22:24:48,1.6,1.9,2.1,2.2,54.9,26.2,1190,10,1540,False,True,False,False,True,False,False,True,RESPIRATOR,False
2026-08-24T22:24:49,1.5,1.8,1.9,2.0,55.1,26.1,1190,10,1541,False,True,False,False,True,False,False,True,RESPIRATOR,False
2026-08-24T22:24:50,1.5,1.8,1.9,2.0,55.3,26.0,1190,10,1541,False,True,False,False,True,False,False,True,RESPIRATOR,False
2026-08-24T22:24:51,1.5,1.8,1.9,2.0,55.6,26.0,1190,10,1542,False,True,False,False,True,False,False,True,RESPIRATOR,False
2026-08-24T22:24:52,1.5,1.8,1.9,2.0,55.8,25.9,1190,10,1542,False,True,False,False,True,False,False,True,RESPIRATOR,False
2026-08-24T22:24:53,1.5,1.8,1.9,2.0,56.0,25.9,1200,10,1542,False,True,False,False,True,False,False,True,RESPIRATOR,False
2026-08-24T22:24:54,1.4,1.6,1.8,1.9,56.2,25.8,1200,10,1542,False,True,False,False,True,False,False,True,RESPIRATOR,False
2026-08-24T22:24:55,1.4,1.6,1.8,1.9,56.4,25.8,1200,10,1542,False,True,False,False,True,False,False,True,RESPIRATOR,False
2026-08-24T22:24:56,1.4,1.6,1.8,1.9,56.5,25.7,1200,10,1543,False,True,False,False,True,False,False,True,RESPIRATOR,False
2026-08-24T22:24:57,1.4,1.6,1.8,1.9,56.7,25.7,1200,10,1543,False,True,False,False,True,False,False,True,RESPIRATOR,False
2026-08-24T22:24:58,1.4,1.6,1.8,1.9,56.9,25.6,1200,10,1544,False,True,False,False,True,False,False,True,RESPIRATOR,False
2026-08-24T22:24:59,1.4,1.6,1.8,1.9,57.0,25.6,1200,10,1544,False,True,False,False,True,False,False,True,RESPIRATOR,False
2026-08-24T22:25:00,1.3,1.5,1.7,1.8,57.2,25.5,1200,10,1545,False,True,False,False,True,False,False,True,RESPIRATOR,False
2026-08-24T22:25:01,1.3,1.5,1.7,1.8,57.3,25.5,1200,10,1546,False,True,False,False,True,False,False,True,RESPIRATOR,False
2026-08-24T22:25:02,1.3,1.5,1.7,1.8,57.4,25.5,1200,10,1546,False,True,False,False,True,False,False,True,RESPIRATOR,False
2026-08-24T22:25:03,1.3,1.5,1.7,1.8,57.5,25.4,1200,10,1546,False,True,False,False,True,False,False,True,RESPIRATOR,False
2026-08-24T22:25:04,1.3,1.5,1.7,1.8,57.6,25.4,1200,10,1546,False,True,False,False,True,False,False,True,RESPIRATOR,False
2026-08-24T22:25:05,1.3,1.5,1.7,1.8,57.7,25.4,1200,10,1546,False,True,False,False,True,False,False,True,RESPIRATOR,False
2026-08-24T22:25:06,1.3,1.5,1.7,1.8,57.8,25.3,1200,10,1547,False,True,False,False,True,False,False,True,RESPIRATOR,False
2026-08-24T22:25:07,1.3,1.5,1.7,1.8,57.8,25.3,1200,10,1546,False,True,False,False,True,False,False,True,RESPIRATOR,False
2026-08-24T22:25:08,1.3,1.5,1.7,1.8,57.9,25.3,1200,10,1546,False,True,False,False,True,False,False,True,RESPIRATOR,False
2026-08-24T22:25:09,1.2,1.4,1.6,1.6,58.0,25.3,1200,10,1545,False,True,False,False,True,False,False,True,RESPIRATOR,False
2026-08-24T22:25:10,1.2,1.4,1.6,1.6,58.0,25.2,1200,10,1545,False,True,False,False,True,False,False,True,RESPIRATOR,False
2026-08-24T22:25:11,1.2,1.4,1.6,1.6,58.1,25.2,1200,10,1544,False,True,False,False,True,False,False,True,RESPIRATOR,False
2026-08-24T22:25:12,1.2,1.4,1.6,1.6,58.1,25.2,1200,10,1544,False,True,False,False,True,False,False,True,RESPIRATOR,False
2026-08-24T22:25:13,1.2,1.4,1.6,1.6,58.2,25.2,1200,10,1544,False,True,False,False,True,False,False,True,RESPIRATOR,False
2026-08-24T22:25:14,1.2,1.4,1.6,1.6,58.2,25.2,1200,10,1544,False,True,False,False,True,False,False,True,RESPIRATOR,False
2026-08-24T22:25:15,1.2,1.4,1.6,1.6,58.3,25.2,1200,10,1544,False,True,False,False,True,False,False,True,RESPIRATOR,False
2026-08-24T22:25:16,1.2,1.4,1.6,1.6,58.3,25.1,1200,10,1543,False,True,False,False,True,False,False,True,RESPIRATOR,False
2026-08-24T22:25:17,1.2,1.4,1.6,1.6,58.4,25.1,1200,10,1543,False,True,False,False,True,False,False,True,RESPIRATOR,False
2026-08-24T22:25:18,1.1,1.3,1.4,1.5,58.4,25.1,1200,10,1542,False,True,False,False,True,False,False,True,RESPIRATOR,False
2026-08-24T22:25:19,1.1,1.3,1.4,1.5,58.5,25.1,1200,10,1542,False,True,False,False,True,False,False,True,RESPIRATOR,False
2026-08-24T22:25:20,1.1,1.3,1.4,1.5,58.5,25.1,1200,10,1542,False,True,False,False,True,False,False,True,RESPIRATOR,False
2026-08-24T22:25:21,1.1,1.3,1.4,1.5,58.6,25.1,1200,10,1542,False,True,False,False,True,False,False,True,RESPIRATOR,False
2026-08-24T22:25:22,1.1,1.3,1.4,1.5,58.6,25.0,1200,10,1542,False,True,False,False,True,False,False,True,RESPIRATOR,False
2026-08-24T22:25:23,1.1,1.3,1.4,1.5,58.7,25.0,1200,10,1542,False,True,False,False,True,False,False,True,RESPIRATOR,False
2026-08-24T22:25:24,1.1,1.3,1.4,1.5,58.7,25.0,1200,10,1542,False,True,False,False,True,False,False,True,RESPIRATOR,False
2026-08-24T22:25:25,1.1,1.3,1.4,1.5,58.8,25.0,1200,10,1543,False,True,False,False,True,False,False,True,RESPIRATOR,False
2026-08-24T22:25:26,1.1,1.3,1.4,1.5,58.8,25.0,1200,10,1542,False,True,False,False,True,False,False,True,RESPIRATOR,False
2026-08-24T22:25:27,1.1,1.3,1.4,1.5,58.9,25.0,1200,10,1542,False,True,False,False,True,False,False,True,RESPIRATOR,False
2026-08-24T22:25:28,1.1,1.3,1.4,1.5,58.9,25.0,1200,10,1541,False,True,False,False,True,False,False,True,RESPIRATOR,False
2026-08-24T22:25:29,1.1,1.3,1.4,1.5,58.9,25.0,1200,10,1541,False,True,False,False,True,False,True,False,RESPIRATOR,True
2026-08-24T22:25:30,1.0,1.2,1.3,1.4,59.0,25.1,1200,10,1541,False,True,False,False,True,True,False,False,RESPIRATOR,False
2026-08-24T22:25:31,1.0,1.2,1.3,1.4,59.0,25.1,1200,10,1540,False,True,False,False,True,True,False,False,RESPIRATOR,False
2026-08-24T22:25:32,1.0,1.2,1.3,1.4,59.0,25.1,1200,10,1539,False,True,False,False,True,True,False,False,RESPIRATOR,False
2026-08-24T22:25:33,1.0,1.2,1.3,1.4,59.0,25.1,1200,10,1539,False,True,False,False,True,False,False,True,RESPIRATOR,False
2026-08-24T22:25:34,1.0,1.2,1.3,1.4,59.1,25.1,1200,10,1538,False,True,False,False,True,False,False,True,RESPIRATOR,False
2026-08-24T22:25:35,1.0,1.2,1.3,1.4,59.1,25.1,1200,10,1538,False,True,False,False,True,False,False,True,RESPIRATOR,False
2026-08-24T22:25:36,1.0,1.2,1.3,1.4,59.2,25.1,1200,10,1537,False,True,False,False,True,False,False,True,RESPIRATOR,False
2026-08-24T22:25:37,1.0,1.2,1.3,1.4,59.3,25.1,1200,10,1536,False,True,False,False,True,False,False,True,RESPIRATOR,False
2026-08-24T22:25:38,1.0,1.2,1.3,1.4,59.4,25.1,1200,10,1535,False,True,False,False,True,False,False,True,RESPIRATOR,False
2026-08-24T22:25:39,1.0,1.2,1.3,1.4,59.5,25.1,1200,10,1534,False,True,False,False,True,False,False,True,RESPIRATOR,False
2026-08-24T22:25:40,1.0,1.2,1.3,1.4,59.5,25.1,1200,10,1534,False,True,False,False,True,False,False,True,RESPIRATOR,False
2026-08-24T22:25:41,1.0,1.2,1.3,1.4,59.6,25.1,1200,10,1534,False,True,False,False,True,False,False,True,RESPIRATOR,False
2026-08-24T22:25:42,1.0,1.2,1.3,1.4,59.6,25.1,1200,10,1534,False,True,False,False,True,False,False,True,RESPIRATOR,False
2026-08-24T22:25:43,0.9,1.1,1.2,1.2,59.6,25.1,1200,10,1535,False,True,False,False,True,False,False,True,RESPIRATOR,False
2026-08-24T22:25:44,0.9,1.1,1.2,1.2,59.7,25.1,1200,10,1535,False,True,False,False,True,False,False,True,RESPIRATOR,False
2026-08-24T22:25:45,0.9,1.1,1.2,1.2,59.7,25.1,1200,10,1534,False,True,False,False,True,False,False,True,RESPIRATOR,False
2026-08-24T22:25:46,0.9,1.1,1.2,1.2,59.7,25.1,1200,10,1534,False,True,False,False,True,False,False,True,RESPIRATOR,False
2026-08-24T22:25:47,0.9,1.1,1.2,1.2,59.7,25.1,1200,10,1534,False,True,False,False,True,False,False,True,RESPIRATOR,False
2026-08-24T22:25:48,0.9,1.1,1.2,1.2,59.7,25.1,1200,10,1534,False,True,False,False,True,False,False,True,RESPIRATOR,False
2026-08-24T22:25:49,0.9,1.1,1.2,1.2,59.7,25.1,1200,10,1534,False,True,False,False,True,False,False,True,RESPIRATOR,False
2026-08-24T22:25:50,0.9,1.1,1.2,1.2,59.7,25.1,1200,10,1533,False,True,False,False,True,False,False,True,RESPIRATOR,False
2026-08-24T22:25:51,0.9,1.1,1.2,1.2,59.7,25.2,1200,10,1532,False,True,False,False,True,False,False,True,RESPIRATOR,False
2026-08-24T22:25:52,0.9,1.1,1.2,1.2,59.6,25.2,1200,10,1532,False,True,False,False,True,False,False,True,RESPIRATOR,False
2026-08-24T22:25:53,0.9,1.1,1.2,1.2,59.6,25.2,1200,10,1531,False,True,False,False,True,False,False,True,RESPIRATOR,False
2026-08-24T22:25:54,0.9,1.1,1.2,1.2,59.6,25.2,1200,10,1531,False,True,False,False,True,False,False,True,RESPIRATOR,False
2026-08-24T22:25:55,0.9,1.1,1.2,1.2,59.5,25.2,1200,10,1530,False,True,False,False,True,False,False,True,RESPIRATOR,False
2026-08-24T22:25:56,0.9,1.1,1.2,1.2,59.5,25.2,1200,10,1529,False,True,False,False,True,False,False,True,RESPIRATOR,False
2026-08-24T22:25:57,0.9,1.1,1.2,1.2,59.5,25.2,1200,10,1528,False,True,False,False,True,False,False,True,RESPIRATOR,False
2026-08-24T22:25:58,0.9,1.1,1.2,1.2,59.5,25.2,1200,10,1527,False,True,False,False,True,False,False,True,RESPIRATOR,False
2026-08-24T22:25:59,0.9,1.1,1.2,1.2,59.6,25.2,1200,10,1527,False,True,False,False,True,False,False,True,RESPIRATOR,False
2026-08-24T22:26:00,0.9,1.1,1.2,1.2,59.6,25.2,1200,10,1526,False,True,False,False,True,False,False,True,RESPIRATOR,False
2026-08-24T22:26:01,0.9,1.1,1.2,1.2,59.7,25.2,1200,10,1526,False,True,False,False,True,False,False,True,RESPIRATOR,False
2026-08-24T22:26:02,0.9,1.1,1.2,1.2,59.7,25.1,1200,10,1525,False,True,False,False,True,False,False,True,RESPIRATOR,False
2026-08-24T22:26:03,0.9,1.1,1.2,1.2,59.7,25.1,1200,10,1525,False,True,False,False,True,False,False,True,RESPIRATOR,False
2026-08-24T22:26:04,0.9,1.1,1.2,1.2,59.8,25.1,1200,10,1525,False,True,False,False,True,False,False,True,RESPIRATOR,False
2026-08-24T22:26:05,0.9,1.1,1.2,1.2,59.8,25.1,1200,10,1524,False,True,False,False,True,False,False,True,RESPIRATOR,False
2026-08-24T22:26:06,0.9,1.1,1.2,1.2,59.8,25.1,1200,10,1523,False,True,False,False,True,False,False,True,RESPIRATOR,False
2026-08-24T22:26:07,0.9,1.1,1.2,1.2,59.8,25.1,1200,10,1523,False,True,False,False,True,False,False,True,RESPIRATOR,False
2026-08-24T22:26:08,0.9,1.1,1.2,1.2,59.8,25.1,1200,10,1522,False,True,False,False,True,False,False,True,RESPIRATOR,False
2026-08-24T22:26:09,0.9,1.1,1.2,1.2,59.8,25.1,1200,10,1522,False,True,False,False,True,False,False,True,RESPIRATOR,False
2026-08-24T22:26:10,0.9,1.1,1.2,1.2,59.9,25.1,1200,10,1522,False,True,False,False,True,False,False,True,RESPIRATOR,False
2026-08-24T22:26:11,0.9,1.1,1.2,1.2,59.9,25.1,1200,10,1522,False,True,False,False,True,False,False,True,RESPIRATOR,False
2026-08-24T22:26:12,0.9,1.1,1.2,1.2,60.0,25.1,1200,10,1522,False,True,False,False,True,False,False,True,RESPIRATOR,False
2026-08-24T22:26:13,0.9,1.1,1.2,1.2,60.0,25.1,1200,10,1522,False,True,False,False,True,False,False,True,RESPIRATOR,False
2026-08-24T22:26:14,0.9,1.1,1.2,1.2,60.0,25.1,1200,10,1523,False,True,False,False,True,False,False,True,RESPIRATOR,False
2026-08-24T22:26:15,0.9,1.1,1.2,1.2,60.0,25.1,1200,10,1523,False,True,False,False,True,False,False,True,RESPIRATOR,False
2026-08-24T22:26:16,0.9,1.1,1.2,1.2,60.0,25.1,1200,10,1523,False,True,False,False,True,False,False,True,RESPIRATOR,False
2026-08-24T22:26:17,0.9,1.1,1.2,1.2,60.0,25.1,1200,10,1523,False,True,False,False,True,False,False,True,RESPIRATOR,False
2026-08-24T22:26:18,0.9,1.1,1.2,1.2,60.0,25.1,1200,10,1523,False,True,False,False,True,False,False,True,RESPIRATOR,False
2026-08-24T22:26:19,0.9,1.1,1.2,1.2,60.0,25.1,1200,10,1524,False,True,False,False,True,False,False,True,RESPIRATOR,False
2026-08-24T22:26:20,0.9,1.1,1.2,1.2,60.0,25.1,1210,10,1524,False,True,False,False,True,False,False,True,RESPIRATOR,False
2026-08-24T22:26:21,0.9,1.1,1.2,1.2,60.0,25.1,1210,10,1524,False,True,False,False,True,False,False,True,RESPIRATOR,False
2026-08-24T22:26:22,0.9,1.1,1.2,1.2,60.0,25.1,1210,10,1525,False,True,False,False,True,False,False,True,RESPIRATOR,False
2026-08-24T22:26:23,0.9,1.1,1.2,1.2,60.0,25.1,1210,10,1525,False,True,False,False,True,False,False,True,RESPIRATOR,False
2026-08-24T22:26:24,0.9,1.1,1.2,1.2,60.0,25.1,1210,10,1526,False,True,False,False,True,False,False,True,RESPIRATOR,False
2026-08-24T22:26:25,0.9,1.1,1.2,1.2,60.0,25.1,1210,10,1527,False,True,False,False,True,False,False,True,RESPIRATOR,False
2026-08-24T22:26:26,0.9,1.1,1.2,1.2,59.9,25.1,1210,10,1528,False,True,False,False,True,False,False,True,RESPIRATOR,False
2026-08-24T22:26:27,0.9,1.1,1.2,1.2,59.9,25.1,1210,10,1529,False,True,False,False,True,False,False,True,RESPIRATOR,False
2026-08-24T22:26:28,0.9,1.1,1.2,1.2,59.8,25.1,1210,10,1531,False,True,False,False,True,False,False,True,RESPIRATOR,False
2026-08-24T22:26:29,0.9,1.1,1.2,1.2,59.8,25.1,1210,10,1531,False,True,False,False,True,False,False,True,RESPIRATOR,False
2026-08-24T22:26:30,0.9,1.1,1.2,1.2,59.8,25.1,1210,10,1531,False,True,False,False,True,False,False,True,RESPIRATOR,False
2026-08-24T22:26:31,0.9,1.1,1.2,1.2,59.8,25.1,1210,10,1531,False,True,False,False,True,False,False,True,RESPIRATOR,False
2026-08-24T22:26:32,0.9,1.1,1.2,1.2,59.7,25.1,1210,10,1531,False,True,False,False,True,False,False,True,RESPIRATOR,False
2026-08-24T22:26:33,0.9,1.1,1.2,1.2,59.7,25.1,1210,10,1531,False,True,False,False,True,False,False,True,RESPIRATOR,False
2026-08-24T22:26:34,0.9,1.1,1.2,1.2,59.6,25.1,1210,10,1531,False,True,False,False,True,False,False,True,RESPIRATOR,False
2026-08-24T22:26:35,0.9,1.1,1.2,1.2,59.6,25.1,1210,10,1532,False,True,False,False,True,False,False,True,RESPIRATOR,False
2026-08-24T22:26:36,0.9,1.1,1.2,1.2,59.5,25.1,1210,10,1533,False,True,False,False,True,False,False,True,RESPIRATOR,False
2026-08-24T22:26:37,0.9,1.1,1.2,1.2,59.5,25.1,1210,10,1534,False,True,False,False,True,False,False,True,RESPIRATOR,False
2026-08-24T22:26:38,0.9,1.1,1.2,1.2,59.5,25.1,1210,10,1535,False,True,False,False,True,False,False,True,RESPIRATOR,False
2026-08-24T22:26:39,0.9,1.1,1.2,1.2,59.5,25.1,1210,10,1534,False,True,False,False,True,False,False,True,RESPIRATOR,False
2026-08-24T22:26:40,0.9,1.1,1.2,1.2,59.5,25.1,1210,10,1533,False,True,False,False,True,False,False,True,RESPIRATOR,False
2026-08-24T22:26:41,0.9,1.1,1.2,1.2,59.5,25.1,1210,10,1533,False,True,False,False,True,False,False,True,RESPIRATOR,False
2026-08-24T22:26:42,0.9,1.1,1.2,1.2,59.5,25.1,1210,10,1532,False,True,False,False,True,False,False,True,RESPIRATOR,False
2026-08-24T22:26:43,0.9,1.1,1.2,1.2,59.5,25.1,1210,10,1532,False,True,False,False,True,False,False,True,RESPIRATOR,False
2026-08-24T22:26:44,0.9,1.1,1.2,1.2,59.4,25.1,1210,10,1531,False,True,False,False,True,False,False,True,RESPIRATOR,False
2026-08-24T22:26:45,0.9,1.1,1.2,1.2,59.4,25.1,1210,10,1530,False,True,False,False,True,False,False,True,RESPIRATOR,False
2026-08-24T22:26:46,0.9,1.1,1.2,1.2,59.3,25.1,1210,10,1530,False,True,False,False,True,False,False,True,RESPIRATOR,False
2026-08-24T22:26:47,0.9,1.1,1.2,1.2,59.3,25.1,1210,10,1529,False,True,False,False,True,False,False,True,RESPIRATOR,False
2026-08-24T22:26:48,0.9,1.1,1.2,1.2,59.2,25.1,1210,10,1529,False,True,False,False,True,False,False,True,RESPIRATOR,False
2026-08-24T22:26:49,0.9,1.1,1.2,1.2,59.2,25.1,1210,10,1529,False,True,False,False,True,False,False,True,RESPIRATOR,False
2026-08-24T22:26:50,0.9,1.1,1.2,1.2,59.2,25.1,1210,10,1529,False,True,False,False,True,False,False,True,RESPIRATOR,False
2026-08-24T22:26:51,0.9,1.1,1.2,1.2,59.2,25.1,1210,10,1529,False,True,False,False,True,False,False,True,RESPIRATOR,False
2026-08-24T22:26:52,0.9,1.1,1.2,1.2,59.2,25.1,1210,10,1529,False,True,False,False,True,False,False,True,RESPIRATOR,False
2026-08-24T22:26:53,0.9,1.1,1.2,1.2,59.2,25.1,1210,10,1529,False,True,False,False,True,False,False,True,RESPIRATOR,False
2026-08-24T22:26:54,0.9,1.1,1.2,1.2,59.3,25.1,1210,10,1529,False,True,False,False,True,False,False,True,RESPIRATOR,False
2026-08-24T22:26:55,0.9,1.1,1.2,1.2,59.3,25.1,1210,10,1529,False,True,False,False,True,False,False,True,RESPIRATOR,False
2026-08-24T22:26:56,0.9,1.1,1.2,1.2,59.4,25.1,1210,10,1530,False,True,False,False,True,False,False,True,RESPIRATOR,False
2026-08-24T22:26:57,0.9,1.1,1.2,1.2,59.4,25.1,1210,10,1530,False,True,False,False,True,False,False,True,RESPIRATOR,False
2026-08-24T22:26:58,0.9,1.1,1.2,1.2,59.4,25.1,1210,10,1531,False,True,False,False,True,False,False,True,RESPIRATOR,False
2026-08-24T22:26:59,0.9,1.1,1.2,1.2,59.5,25.1,1210,10,1531,False,True,False,False,True,False,False,True,RESPIRATOR,False
2026-08-24T22:27:00,0.9,1.1,1.2,1.2,59.5,25.1,1210,10,1531,False,True,False,False,True,False,False,True,RESPIRATOR,False
2026-08-24T22:27:01,0.9,1.1,1.2,1.2,59.5,25.1,1210,10,1531,False,True,False,False,True,False,False,True,RESPIRATOR,False
2026-08-24T22:27:02,0.9,1.1,1.2,1.2,59.5,25.1,1210,10,1531,False,True,False,False,True,False,False,True,RESPIRATOR,False
2026-08-24T22:27:03,1.0,1.2,1.3,1.4,59.4,25.1,1210,10,1530,False,True,False,False,True,False,False,True,RESPIRATOR,False
2026-08-24T22:27:04,1.0,1.2,1.3,1.4,59.4,25.1,1210,10,1530,False,True,False,False,True,False,False,True,RESPIRATOR,False
2026-08-24T22:27:05,1.0,1.2,1.3,1.4,59.4,25.1,1210,10,1530,False,True,False,False,True,False,False,True,RESPIRATOR,False
2026-08-24T22:27:06,1.0,1.2,1.3,1.4,59.3,25.1,1210,10,1530,False,True,False,False,True,False,False,True,RESPIRATOR,False
2026-08-24T22:27:07,1.0,1.2,1.3,1.4,59.2,25.1,1210,10,1530,False,True,False,False,True,False,False,True,RESPIRATOR,False
2026-08-24T22:27:08,1.0,1.2,1.3,1.4,59.2,25.1,1210,10,1529,False,True,False,False,True,False,False,True,RESPIRATOR,False
2026-08-24T22:27:09,1.0,1.2,1.3,1.4,59.1,25.1,1210,10,1528,False,True,False,False,True,False,False,True,RESPIRATOR,False
2026-08-24T22:27:10,1.0,1.2,1.3,1.4,59.1,25.1,1210,10,1528,False,True,False,False,True,False,False,True,RESPIRATOR,False
2026-08-24T22:27:11,1.0,1.2,1.3,1.4,59.0,25.1,1210,10,1527,False,True,False,False,True,False,False,True,RESPIRATOR,False
2026-08-24T22:27:12,1.0,1.2,1.3,1.4,59.0,25.1,1210,10,1527,False,True,False,False,True,False,False,True,RESPIRATOR,False
2026-08-24T22:27:13,1.0,1.2,1.3,1.4,58.9,25.1,1210,10,1527,False,True,False,False,True,False,False,True,RESPIRATOR,False
2026-08-24T22:27:14,1.0,1.2,1.3,1.4,58.9,25.1,1210,10,1527,False,True,False,False,True,False,False,True,RESPIRATOR,False
2026-08-24T22:27:15,1.1,1.3,1.4,1.5,58.8,25.1,1210,10,1527,False,True,False,False,True,False,False,True,RESPIRATOR,False
2026-08-24T22:27:16,1.1,1.3,1.4,1.5,58.8,25.1,1210,10,1527,False,True,False,False,True,False,False,True,RESPIRATOR,False
2026-08-24T22:27:17,1.1,1.3,1.4,1.5,58.7,25.1,1210,10,1527,False,True,False,False,True,False,False,True,RESPIRATOR,False
2026-08-24T22:27:18,1.1,1.3,1.4,1.5,58.7,25.1,1210,10,1526,False,True,False,False,True,False,False,True,RESPIRATOR,False
2026-08-24T22:27:19,1.1,1.3,1.4,1.5,58.7,25.1,1210,10,1525,False,True,False,False,True,False,False,True,RESPIRATOR,False
2026-08-24T22:27:20,1.1,1.3,1.4,1.5,58.6,25.1,1210,10,1524,False,True,False,False,True,False,False,True,RESPIRATOR,False
2026-08-24T22:27:21,1.1,1.3,1.4,1.5,58.6,25.1,1210,10,1523,False,True,False,False,True,False,False,True,RESPIRATOR,False
2026-08-24T22:27:22,1.1,1.3,1.4,1.5,58.6,25.1,1210,10,1523,False,True,False,False,True,False,False,True,RESPIRATOR,False
2026-08-24T22:27:23,1.1,1.3,1.4,1.5,58.7,25.1,1210,10,1522,False,True,False,False,True,False,False,True,RESPIRATOR,False
2026-08-24T22:27:24,1.1,1.3,1.4,1.5,58.7,25.1,1210,10,1521,False,True,False,False,True,False,False,True,RESPIRATOR,False
2026-08-24T22:27:25,1.1,1.3,1.4,1.5,58.8,25.1,1210,10,1520,False,True,False,False,True,False,False,True,RESPIRATOR,False
2026-08-24T22:27:26,1.1,1.3,1.4,1.5,58.9,25.1,1210,10,1519,False,True,False,False,True,False,False,True,RESPIRATOR,False
2026-08-24T22:27:27,1.1,1.3,1.4,1.5,59.1,25.1,1210,10,1519,False,True,False,False,True,False,False,True,RESPIRATOR,False
2026-08-24T22:27:28,1.1,1.3,1.4,1.5,59.2,25.1,1210,10,1519,False,True,False,False,True,False,False,True,RESPIRATOR,False
2026-08-24T22:27:29,1.1,1.3,1.4,1.5,59.4,25.0,1210,10,1519,False,True,False,False,True,False,False,True,RESPIRATOR,False
2026-08-24T22:27:30,1.1,1.3,1.4,1.5,59.5,25.0,1220,10,1519,False,True,False,False,True,False,False,True,RESPIRATOR,False
2026-08-24T22:27:31,1.1,1.3,1.4,1.5,59.6,25.0,1220,10,1519,False,True,False,False,True,False,False,True,RESPIRATOR,False
2026-08-24T22:27:32,1.1,1.3,1.4,1.5,59.7,25.0,1220,10,1519,False,True,False,False,True,False,False,True,RESPIRATOR,False
2026-08-24T22:27:33,1.1,1.3,1.4,1.5,59.8,25.0,1220,10,1519,False,True,False,False,True,False,False,True,RESPIRATOR,False
2026-08-24T22:27:34,1.1,1.3,1.4,1.5,59.9,25.0,1220,10,1519,False,True,False,False,True,False,False,True,RESPIRATOR,False
2026-08-24T22:27:35,1.1,1.3,1.4,1.5,60.0,25.0,1220,10,1520,False,True,False,False,True,False,False,True,RESPIRATOR,False
2026-08-24T22:27:36,1.1,1.3,1.4,1.5,60.1,25.0,1220,10,1520,False,True,False,False,True,False,False,True,RESPIRATOR,False
2026-08-24T22:27:37,1.2,1.4,1.6,1.6,60.2,25.0,1220,10,1521,False,True,False,False,True,False,False,True,RESPIRATOR,False
2026-08-24T22:27:38,1.2,1.4,1.6,1.6,60.2,25.0,1220,10,1522,False,True,False,False,True,False,False,True,RESPIRATOR,False
2026-08-24T22:27:39,1.2,1.4,1.6,1.6,60.3,25.0,1220,10,1523,False,True,False,False,True,False,False,True,RESPIRATOR,False
2026-08-24T22:27:40,1.1,1.4,1.6,1.6,60.4,25.0,1220,10,1525,False,True,False,False,True,False,False,True,RESPIRATOR,False
2026-08-24T22:27:41,1.1,1.4,1.6,1.6,60.4,25.0,1220,10,1526,False,True,False,False,True,False,False,True,RESPIRATOR,False
2026-08-24T22:27:42,1.1,1.4,1.6,1.6,60.5,25.0,1220,10,1527,False,True,False,False,True,False,False,True,RESPIRATOR,False
2026-08-24T22:27:43,1.1,1.4,1.6,1.6,60.6,25.0,1220,10,1529,False,True,False,False,True,False,False,True,RESPIRATOR,False
2026-08-24T22:27:44,1.1,1.4,1.6,1.6,60.6,25.0,1220,10,1530,False,True,False,False,True,False,False,True,RESPIRATOR,False
2026-08-24T22:27:45,1.1,1.4,1.6,1.6,60.7,25.0,1220,10,1532,False,True,False,False,True,False,False,True,RESPIRATOR,False
2026-08-24T22:27:46,1.1,1.4,1.6,1.6,60.7,25.0,1230,10,1534,False,True,False,False,True,False,False,True,RESPIRATOR,False
2026-08-24T22:27:47,1.1,1.4,1.6,1.6,60.7,25.0,1230,10,1544,False,True,False,False,True,False,False,True,RESPIRATOR,False
2026-08-24T22:27:48,1.1,1.4,1.6,1.6,60.8,25.0,1230,10,1555,False,True,False,False,True,False,False,True,RESPIRATOR,False
2026-08-24T22:27:49,1.1,1.4,1.6,1.6,60.8,25.0,1230,10,1566,False,True,False,False,True,False,False,True,RESPIRATOR,False
2026-08-24T22:27:50,1.1,1.4,1.6,1.6,60.8,25.0,1230,10,1577,False,True,False,False,True,False,False,True,RESPIRATOR,False
2026-08-24T22:27:51,1.1,1.4,1.6,1.6,60.7,25.0,1230,10,1588,False,True,False,False,True,False,False,True,RESPIRATOR,False
2026-08-24T22:27:52,1.1,1.4,1.6,1.6,60.7,25.0,1230,10,1590,False,True,False,False,True,False,False,True,RESPIRATOR,False
2026-08-24T22:27:53,1.1,1.4,1.6,1.6,60.6,25.0,1230,10,1593,False,True,False,False,True,False,False,True,RESPIRATOR,False
2026-08-24T22:27:54,1.1,1.4,1.6,1.6,60.5,25.0,1230,10,1596,False,True,False,False,True,False,False,True,RESPIRATOR,False
2026-08-24T22:27:55,1.1,1.4,1.6,1.6,60.4,25.0,1230,10,1599,False,True,False,False,True,False,False,True,RESPIRATOR,False
2026-08-24T22:27:56,1.1,1.4,1.6,1.6,60.3,25.0,1230,10,1602,False,True,False,False,True,False,False,True,RESPIRATOR,False
2026-08-24T22:27:57,1.1,1.4,1.6,1.6,60.2,25.0,1230,10,1605,False,True,False,False,True,False,False,True,RESPIRATOR,False
2026-08-24T22:27:58,1.1,1.4,1.6,1.6,60.2,25.0,1230,10,1608,False,True,False,False,True,False,False,True,RESPIRATOR,False
2026-08-24T22:27:59,1.1,1.4,1.6,1.6,60.1,25.0,1230,10,1611,False,True,False,False,True,False,False,True,RESPIRATOR,False
2026-08-24T22:28:00,1.1,1.4,1.6,1.6,60.0,25.0,1230,10,1614,False,True,False,False,True,False,False,True,RESPIRATOR,False
2026-08-24T22:28:01,1.1,1.4,1.6,1.6,59.9,25.0,1230,10,1617,False,True,False,False,True,False,False,True,RESPIRATOR,False
2026-08-24T22:28:02,1.1,1.4,1.6,1.6,59.8,25.0,1230,10,1617,False,True,False,False,True,False,False,True,RESPIRATOR,False
2026-08-24T22:28:03,1.1,1.4,1.6,1.6,59.8,25.0,1230,10,1617,False,True,False,False,True,False,False,True,RESPIRATOR,False
2026-08-24T22:28:04,1.1,1.4,1.6,1.6,59.7,25.0,1230,10,1617,False,True,False,False,True,False,False,True,RESPIRATOR,False
2026-08-24T22:28:05,1.1,1.4,1.6,1.6,59.7,25.0,1230,10,1617,False,True,False,False,True,False,False,True,RESPIRATOR,False
2026-08-24T22:28:06,1.1,1.4,1.6,1.6,59.6,25.0,1230,10,1617,False,True,False,False,True,False,False,True,RESPIRATOR,False
2026-08-24T22:28:07,1.1,1.4,1.6,1.6,59.6,25.0,1230,10,1616,False,True,False,False,True,False,False,True,RESPIRATOR,False
2026-08-24T22:28:08,1.1,1.4,1.6,1.6,59.7,25.0,1230,10,1616,False,True,False,False,True,False,False,True,RESPIRATOR,False
2026-08-24T22:28:09,1.1,1.4,1.6,1.6,59.7,25.0,1230,10,1616,False,True,False,False,True,False,False,True,RESPIRATOR,False
2026-08-24T22:28:10,1.1,1.4,1.6,1.6,59.7,25.0,1230,10,1616,False,True,False,False,True,False,False,True,RESPIRATOR,False
2026-08-24T22:28:11,1.1,1.4,1.6,1.6,59.7,25.0,1230,10,1616,False,True,False,False,True,False,False,True,RESPIRATOR,False
2026-08-24T22:28:12,1.1,1.4,1.6,1.6,59.8,25.0,1230,10,1615,False,True,False,False,True,False,False,True,RESPIRATOR,False
2026-08-24T22:28:13,1.1,1.4,1.6,1.6,59.9,25.0,1230,10,1615,False,True,False,False,True,False,False,True,RESPIRATOR,False
2026-08-24T22:28:14,1.1,1.4,1.6,1.6,59.9,25.0,1230,10,1615,False,True,False,False,True,False,False,True,RESPIRATOR,False
2026-08-24T22:28:15,1.1,1.4,1.6,1.6,60.0,25.0,1230,10,1615,False,True,False,False,True,False,False,True,RESPIRATOR,False
2026-08-24T22:28:16,1.1,1.4,1.6,1.6,60.1,25.0,1230,10,1615,False,True,False,False,True,False,False,True,RESPIRATOR,False
2026-08-24T22:28:17,1.1,1.4,1.6,1.6,60.2,25.0,1230,10,1615,False,True,False,False,True,False,False,True,RESPIRATOR,False
2026-08-24T22:28:18,1.1,1.4,1.6,1.6,60.3,25.0,1230,10,1615,False,True,False,False,True,False,False,True,RESPIRATOR,False
2026-08-24T22:28:19,1.1,1.4,1.6,1.6,60.4,25.0,1230,10,1616,False,True,False,False,True,False,False,True,RESPIRATOR,False
2026-08-24T22:28:20,1.1,1.4,1.6,1.6,60.4,25.0,1230,10,1616,False,True,False,False,True,False,False,True,RESPIRATOR,False
2026-08-24T22:28:21,1.1,1.4,1.6,1.6,60.5,25.0,1230,10,1616,False,True,False,False,True,False,False,True,RESPIRATOR,False
2026-08-24T22:28:22,1.1,1.4,1.6,1.6,60.5,25.0,1230,10,1617,False,True,False,False,True,False,False,True,RESPIRATOR,False
2026-08-24T22:28:23,1.1,1.4,1.6,1.6,60.5,25.0,1230,10,1617,False,True,False,False,True,False,False,True,RESPIRATOR,False
2026-08-24T22:28:24,1.1,1.4,1.6,1.6,60.5,25.0,1230,10,1618,False,True,False,False,True,False,False,True,RESPIRATOR,False
2026-08-24T22:28:25,1.1,1.4,1.6,1.6,60.5,25.0,1230,10,1619,False,True,False,False,True,False,False,True,RESPIRATOR,False
2026-08-24T22:28:26,1.1,1.4,1.6,1.6,60.5,25.0,1230,10,1619,False,True,False,False,True,False,False,True,RESPIRATOR,False
2026-08-24T22:28:27,1.1,1.4,1.6,1.6,60.4,25.0,1230,10,1620,False,True,False,False,True,False,False,True,RESPIRATOR,False
2026-08-24T22:28:28,1.1,1.4,1.6,1.6,60.3,25.0,1230,10,1620,False,True,False,False,True,False,False,True,RESPIRATOR,False
2026-08-24T22:28:29,1.1,1.4,1.6,1.6,60.3,25.0,1230,10,1621,False,True,False,False,True,False,False,True,RESPIRATOR,False
2026-08-24T22:28:30,1.1,1.4,1.6,1.6,60.2,25.0,1230,10,1622,False,True,False,False,True,False,False,True,RESPIRATOR,False
2026-08-24T22:28:31,1.1,1.4,1.6,1.6,60.1,25.0,1230,10,1622,False,True,False,False,True,False,False,True,RESPIRATOR,False
2026-08-24T22:28:32,1.1,1.4,1.6,1.6,60.1,25.0,1230,10,1622,False,True,False,False,True,False,False,True,RESPIRATOR,False
2026-08-24T22:28:33,1.1,1.4,1.6,1.6,60.0,25.0,1230,10,1623,False,True,False,False,True,False,False,True,RESPIRATOR,False
2026-08-24T22:28:34,1.1,1.4,1.6,1.6,60.0,25.0,1230,10,1623,False,True,False,False,True,False,False,True,RESPIRATOR,False
2026-08-24T22:28:35,1.1,1.4,1.6,1.6,59.9,25.0,1230,10,1624,False,True,False,False,True,False,False,True,RESPIRATOR,False
2026-08-24T22:28:36,1.1,1.4,1.6,1.6,59.9,25.0,1230,10,1624,False,True,False,False,True,False,False,True,RESPIRATOR,False
2026-08-24T22:28:37,1.1,1.4,1.6,1.6,59.9,25.0,1230,10,1625,False,True,False,False,True,False,False,True,RESPIRATOR,False
2026-08-24T22:28:38,1.1,1.4,1.6,1.6,59.8,25.0,1230,10,1625,False,True,False,False,True,False,False,True,RESPIRATOR,False
2026-08-24T22:28:39,1.1,1.4,1.6,1.6,59.8,25.0,1230,10,1626,False,True,False,False,True,False,False,True,RESPIRATOR,False
2026-08-24T22:28:40,1.1,1.4,1.6,1.6,59.8,25.0,1230,10,1627,False,True,False,False,True,False,False,True,RESPIRATOR,False
2026-08-24T22:28:41,1.1,1.4,1.6,1.6,59.9,25.0,1230,10,1627,False,True,False,False,True,False,False,True,RESPIRATOR,False
2026-08-24T22:28:42,1.1,1.4,1.6,1.6,59.9,25.0,1230,10,1627,False,True,False,False,True,False,False,True,RESPIRATOR,False
2026-08-24T22:28:43,1.1,1.4,1.6,1.6,59.8,25.0,1230,10,1628,False,True,False,False,True,False,False,True,RESPIRATOR,False
2026-08-24T22:28:44,1.1,1.4,1.6,1.6,59.8,25.0,1230,10,1628,False,True,False,False,True,False,False,True,RESPIRATOR,False
2026-08-24T22:28:45,1.1,1.4,1.6,1.6,59.8,25.0,1230,10,1629,False,True,False,False,True,False,False,True,RESPIRATOR,False
2026-08-24T22:28:46,1.1,1.4,1.6,1.6,59.7,25.0,1230,10,1629,False,True,False,False,True,False,False,True,RESPIRATOR,False
2026-08-24T22:28:47,1.1,1.4,1.6,1.6,59.7,25.0,1230,10,1629,False,True,False,False,True,False,False,True,RESPIRATOR,False
2026-08-24T22:28:48,1.1,1.4,1.6,1.6,59.6,25.0,1230,10,1629,False,True,False,False,True,False,False,True,RESPIRATOR,False
2026-08-24T22:28:49,1.1,1.4,1.6,1.6,59.5,25.0,1230,10,1629,False,True,False,False,True,False,False,True,RESPIRATOR,False
2026-08-24T22:28:50,1.1,1.4,1.6,1.6,59.5,25.0,1230,10,1630,False,True,False,False,True,False,False,True,RESPIRATOR,False
2026-08-24T22:28:51,1.1,1.4,1.6,1.6,59.4,25.0,1230,10,1630,False,True,False,False,True,False,False,True,RESPIRATOR,False
2026-08-24T22:28:52,1.1,1.4,1.6,1.6,59.3,25.0,1230,10,1630,False,True,False,False,True,False,False,True,RESPIRATOR,False
2026-08-24T22:28:53,1.1,1.4,1.6,1.6,59.3,25.0,1230,10,1631,False,True,False,False,True,False,False,True,RESPIRATOR,False
2026-08-24T22:28:54,1.1,1.4,1.6,1.6,59.2,25.0,1230,10,1631,False,True,False,False,True,False,False,True,RESPIRATOR,False
2026-08-24T22:28:55,1.1,1.4,1.6,1.6,59.2,25.0,1230,10,1632,False,True,False,False,True,False,False,True,RESPIRATOR,False
2026-08-24T22:28:56,1.1,1.4,1.6,1.6,59.2,25.0,1230,10,1631,False,True,False,False,True,False,False,True,RESPIRATOR,False
2026-08-24T22:28:57,1.1,1.4,1.6,1.6,59.2,25.0,1230,10,1631,False,True,False,False,True,False,False,True,RESPIRATOR,False
2026-08-24T22:28:58,1.1,1.4,1.6,1.6,59.2,25.0,1230,10,1631,False,True,False,False,True,False,False,True,RESPIRATOR,False
2026-08-24T22:28:59,1.1,1.4,1.6,1.6,59.2,25.0,1230,10,1631,False,True,False,False,True,False,False,True,RESPIRATOR,False
2026-08-24T22:29:00,1.1,1.4,1.6,1.6,59.2,25.0,1230,10,1630,False,True,False,False,True,False,False,True,RESPIRATOR,False
2026-08-24T22:29:01,1.1,1.4,1.6,1.6,59.2,25.0,1230,10,1629,False,True,False,False,True,False,False,True,RESPIRATOR,False
2026-08-24T22:29:02,1.1,1.4,1.6,1.6,59.2,25.0,1230,10,1628,False,True,False,False,True,False,False,True,RESPIRATOR,False
2026-08-24T22:29:03,1.1,1.4,1.6,1.6,59.2,25.0,1230,10,1627,False,True,False,False,True,False,False,True,RESPIRATOR,False
2026-08-24T22:29:04,1.1,1.4,1.6,1.6,59.2,25.0,1230,10,1626,False,True,False,False,True,False,False,True,RESPIRATOR,False
2026-08-24T22:29:05,1.1,1.4,1.6,1.6,59.2,25.0,1230,10,1626,False,True,False,False,True,False,False,True,RESPIRATOR,False
2026-08-24T22:29:06,1.1,1.4,1.6,1.6,59.2,25.0,1230,10,1626,False,True,False,False,True,False,False,True,RESPIRATOR,False
2026-08-24T22:29:07,1.1,1.4,1.6,1.6,59.2,25.0,1230,10,1626,False,True,False,False,True,False,False,True,RESPIRATOR,False
2026-08-24T22:29:08,1.1,1.4,1.6,1.6,59.2,25.0,1230,10,1626,False,True,False,False,True,False,False,True,RESPIRATOR,False
2026-08-24T22:29:09,1.1,1.4,1.6,1.6,59.3,25.0,1230,10,1626,False,True,False,False,True,False,False,True,RESPIRATOR,False
2026-08-24T22:29:10,1.1,1.4,1.6,1.6,59.3,25.0,1230,10,1625,False,True,False,False,True,False,False,True,RESPIRATOR,False
2026-08-24T22:29:11,1.1,1.4,1.6,1.6,59.4,25.0,1230,10,1625,False,True,False,False,True,False,False,True,RESPIRATOR,False
2026-08-24T22:29:12,1.1,1.4,1.6,1.6,59.4,25.0,1230,10,1625,False,True,False,False,True,False,False,True,RESPIRATOR,False
2026-08-24T22:29:13,1.1,1.4,1.6,1.6,59.4,25.0,1230,10,1625,False,True,False,False,True,False,False,True,RESPIRATOR,False
2026-08-24T22:29:13,1.1,1.4,1.6,1.6,59.4,25.0,1230,10,1625,False,True,False,False,True,False,False,True,RESPIRATOR,False
2026-08-24T22:29:15,1.1,1.3,1.4,1.5,59.4,25.0,1230,10,1623,False,True,False,False,True,False,False,True,RESPIRATOR,False
2026-08-24T22:29:15,1.1,1.3,1.4,1.5,59.4,25.0,1230,10,1622,False,True,False,False,True,False,False,True,RESPIRATOR,False
2026-08-24T22:29:16,1.1,1.3,1.4,1.5,59.4,25.0,1230,10,1621,False,True,False,False,True,False,False,True,RESPIRATOR,False
2026-08-24T22:29:17,1.1,1.3,1.4,1.5,59.4,25.0,1230,10,1620,False,True,False,False,True,False,False,True,RESPIRATOR,False
2026-08-24T22:29:18,1.1,1.3,1.4,1.5,59.5,25.0,1230,10,1619,False,True,False,False,True,False,False,True,RESPIRATOR,False
2026-08-24T22:29:19,1.1,1.4,1.6,1.6,59.5,25.0,1230,10,1618,False,True,False,False,True,False,False,True,RESPIRATOR,False
2026-08-24T22:29:20,1.1,1.4,1.6,1.6,59.6,25.0,1230,10,1617,False,True,False,False,True,False,False,True,RESPIRATOR,False
2026-08-24T22:29:21,1.1,1.4,1.6,1.6,59.6,25.0,1230,10,1617,False,True,False,False,True,False,False,True,RESPIRATOR,False
2026-08-24T22:29:22,1.1,1.4,1.6,1.6,59.8,25.0,1230,10,1616,False,True,False,False,True,False,False,True,RESPIRATOR,False
2026-08-24T22:29:23,1.1,1.4,1.6,1.6,59.9,25.0,1230,10,1616,False,True,False,False,True,False,False,True,RESPIRATOR,False
2026-08-24T22:29:24,1.1,1.4,1.6,1.6,60.0,25.0,1230,10,1616,False,True,False,False,True,False,False,True,RESPIRATOR,False
2026-08-24T22:29:25,1.1,1.4,1.6,1.6,60.1,25.0,1230,10,1616,False,True,False,False,True,False,False,True,RESPIRATOR,False
2026-08-24T22:29:26,1.1,1.4,1.6,1.6,60.1,25.0,1230,10,1616,False,True,False,False,True,False,False,True,RESPIRATOR,False
2026-08-24T22:29:27,1.1,1.4,1.6,1.6,60.2,25.0,1230,10,1616,False,True,False,False,True,False,False,True,RESPIRATOR,False
2026-08-24T22:29:28,1.1,1.4,1.6,1.6,60.2,25.0,1230,10,1616,False,True,False,False,True,False,False,True,RESPIRATOR,False
2026-08-24T22:29:29,1.1,1.4,1.6,1.6,60.2,25.0,1230,10,1616,False,True,False,False,True,False,False,True,RESPIRATOR,False
2026-08-24T22:29:30,1.2,1.5,1.7,1.8,60.3,25.0,1230,10,1616,False,True,False,False,True,False,False,True,RESPIRATOR,False
2026-08-24T22:29:31,1.2,1.5,1.7,1.8,60.3,25.0,1230,10,1616,False,True,False,False,True,False,False,True,RESPIRATOR,False
2026-08-24T22:29:32,1.2,1.5,1.7,1.8,60.3,25.0,1230,10,1616,False,True,False,False,True,False,False,True,RESPIRATOR,False
2026-08-24T22:29:33,1.2,1.5,1.7,1.8,60.3,25.0,1230,10,1617,False,True,False,False,True,False,False,True,RESPIRATOR,False
2026-08-24T22:29:34,1.2,1.5,1.7,1.8,60.3,25.0,1240,10,1616,False,True,False,False,True,False,False,True,RESPIRATOR,False
2026-08-24T22:29:35,1.2,1.5,1.7,1.8,60.3,25.0,1240,10,1615,False,True,False,False,True,False,False,True,RESPIRATOR,False
2026-08-24T22:29:36,1.2,1.5,1.7,1.8,60.3,25.0,1240,10,1615,False,True,False,False,True,False,False,True,RESPIRATOR,False
2026-08-24T22:29:37,1.2,1.5,1.7,1.8,60.3,25.0,1240,10,1614,False,True,False,False,True,False,False,True,RESPIRATOR,False
2026-08-24T22:29:38,1.2,1.5,1.7,1.8,60.3,25.0,1240,10,1613,False,True,False,False,True,False,False,True,RESPIRATOR,False
2026-08-24T22:29:39,1.2,1.5,1.7,1.8,60.3,25.0,1240,10,1612,False,True,False,False,True,False,False,True,RESPIRATOR,False
2026-08-24T22:29:40,1.2,1.5,1.7,1.8,60.3,25.0,1240,10,1611,False,True,False,False,True,False,False,True,RESPIRATOR,False
2026-08-24T22:29:41,1.2,1.5,1.7,1.8,60.3,25.0,1240,10,1610,False,True,False,False,True,False,False,True,RESPIRATOR,False
2026-08-24T22:29:42,1.2,1.5,1.7,1.8,60.3,25.0,1240,10,1610,False,True,False,False,True,False,False,True,RESPIRATOR,False
2026-08-24T22:29:43,1.2,1.5,1.7,1.8,60.2,25.0,1240,10,1609,False,True,False,False,True,False,False,True,RESPIRATOR,False
2026-08-24T22:29:44,1.3,1.6,1.8,1.9,60.2,25.0,1240,10,1609,False,True,False,False,True,False,False,True,RESPIRATOR,False
2026-08-24T22:29:45,1.3,1.6,1.8,1.9,60.2,25.0,1240,10,1609,False,True,False,False,True,False,False,True,RESPIRATOR,False
2026-08-24T22:29:46,1.3,1.6,1.8,1.9,60.2,25.0,1240,10,1609,False,True,False,False,True,False,False,True,RESPIRATOR,False
2026-08-24T22:29:47,1.3,1.6,1.8,1.9,60.2,25.0,1240,10,1609,False,True,False,False,True,False,False,True,RESPIRATOR,False
2026-08-24T22:29:48,1.3,1.6,1.8,1.9,60.3,25.0,1240,10,1608,False,True,False,False,True,False,False,True,RESPIRATOR,False
2026-08-24T22:29:49,1.3,1.6,1.8,1.9,60.3,25.0,1240,10,1607,False,True,False,False,True,False,False,True,RESPIRATOR,False
2026-08-24T22:29:50,1.3,1.6,1.8,1.9,60.3,25.0,1240,10,1606,False,True,False,False,True,False,False,True,RESPIRATOR,False
2026-08-24T22:29:51,1.3,1.6,1.8,1.9,60.3,25.0,1240,10,1605,False,True,False,False,True,False,False,True,RESPIRATOR,False
2026-08-24T22:29:52,1.3,1.6,1.8,1.9,60.4,25.0,1240,10,1604,False,True,False,False,True,False,False,True,RESPIRATOR,False
2026-08-24T22:29:53,1.3,1.6,1.8,1.9,60.4,25.0,1240,10,1600,False,True,False,False,True,False,False,True,RESPIRATOR,False
2026-08-24T22:29:54,1.3,1.6,1.8,1.9,60.4,25.0,1240,10,1596,False,True,False,False,True,False,False,True,RESPIRATOR,False
2026-08-24T22:29:55,1.3,1.6,1.8,1.9,60.5,25.0,1240,10,1593,False,True,False,False,True,False,False,True,RESPIRATOR,False
2026-08-24T22:29:56,1.3,1.6,1.8,1.9,60.5,25.0,1240,10,1589,False,True,False,False,True,False,False,True,RESPIRATOR,False
2026-08-24T22:29:57,1.3,1.6,1.8,1.9,60.5,25.0,1240,10,1586,False,True,False,False,True,False,False,True,RESPIRATOR,False
2026-08-24T22:29:58,1.3,1.6,1.8,1.9,60.5,25.0,1240,10,1585,False,True,False,False,True,False,False,True,RESPIRATOR,False
2026-08-24T22:29:59,1.3,1.6,1.8,1.9,60.5,25.0,1240,10,1584,False,True,False,False,True,False,False,True,RESPIRATOR,False
2026-08-24T22:30:00,1.3,1.6,1.8,1.9,60.5,25.0,1240,10,1584,False,True,False,False,True,False,False,True,RESPIRATOR,False
2026-08-24T22:30:01,1.3,1.6,1.8,1.9,60.5,25.0,1240,10,1583,False,True,False,False,True,False,False,True,RESPIRATOR,False
2026-08-24T22:30:02,1.3,1.6,1.8,1.9,60.5,25.0,1240,10,1583,False,True,False,False,True,False,False,True,RESPIRATOR,False
2026-08-24T22:30:03,1.3,1.6,1.8,1.9,60.5,25.0,1240,10,1582,False,True,False,False,True,False,False,True,RESPIRATOR,False
2026-08-24T22:30:04,1.3,1.6,1.8,1.9,60.5,25.0,1240,10,1581,False,True,False,False,True,False,False,True,RESPIRATOR,False
2026-08-24T22:30:05,1.3,1.6,1.8,1.9,60.5,25.0,1240,10,1581,False,True,False,False,True,False,False,True,RESPIRATOR,False
2026-08-24T22:30:06,1.3,1.6,1.8,1.9,60.5,25.0,1240,10,1580,False,True,False,False,True,False,False,True,RESPIRATOR,False
2026-08-24T22:30:07,1.3,1.6,1.8,1.9,60.4,25.0,1240,10,1580,False,True,False,False,True,False,False,True,RESPIRATOR,False
2026-08-24T22:30:08,1.3,1.6,1.8,1.9,60.4,25.0,1240,10,1579,False,True,False,False,True,False,False,True,RESPIRATOR,False
2026-08-24T22:30:09,1.3,1.6,1.8,1.9,60.4,25.0,1240,10,1579,False,True,False,False,True,False,False,True,RESPIRATOR,False
2026-08-24T22:30:10,1.3,1.6,1.8,1.9,60.4,25.0,1240,10,1578,False,True,False,False,True,False,False,True,RESPIRATOR,False
2026-08-24T22:30:11,1.3,1.6,1.8,1.9,60.4,25.0,1240,10,1578,False,True,False,False,True,False,False,True,RESPIRATOR,False
2026-08-24T22:30:12,1.3,1.6,1.8,1.9,60.4,25.0,1240,10,1578,False,True,False,False,True,False,False,True,RESPIRATOR,False
2026-08-24T22:30:13,1.3,1.6,1.8,1.9,60.4,25.0,1240,10,1577,False,True,False,False,True,False,False,True,RESPIRATOR,False
2026-08-24T22:30:14,1.3,1.6,1.8,1.9,60.4,25.0,1240,10,1576,False,True,False,False,True,False,False,True,RESPIRATOR,False
2026-08-24T22:30:15,1.3,1.6,1.8,1.9,60.4,25.0,1240,10,1576,False,True,False,False,True,False,False,True,RESPIRATOR,False
2026-08-24T22:30:16,1.3,1.6,1.8,1.9,60.4,25.0,1240,10,1575,False,True,False,False,True,False,False,True,RESPIRATOR,False
2026-08-24T22:30:17,1.3,1.6,1.8,1.9,60.5,25.0,1240,10,1574,False,True,False,False,True,False,False,True,RESPIRATOR,False
2026-08-24T22:30:18,1.3,1.6,1.8,1.9,60.5,25.0,1240,10,1573,False,True,False,False,True,False,False,True,RESPIRATOR,False
2026-08-24T22:30:19,1.3,1.6,1.8,1.9,60.6,25.0,1240,10,1572,False,True,False,False,True,False,False,True,RESPIRATOR,False
2026-08-24T22:30:20,1.3,1.6,1.8,1.9,60.6,25.0,1240,10,1571,False,True,False,False,True,False,False,True,RESPIRATOR,False
2026-08-24T22:30:21,1.4,1.7,1.9,2.0,60.6,25.0,1240,10,1571,False,True,False,False,True,False,False,True,RESPIRATOR,False
2026-08-24T22:30:22,1.4,1.7,1.9,2.0,60.6,25.0,1240,10,1570,False,True,False,False,True,False,False,True,RESPIRATOR,False
2026-08-24T22:30:23,1.4,1.7,1.9,2.0,60.6,25.0,1240,10,1569,False,True,False,False,True,False,False,True,RESPIRATOR,False
2026-08-24T22:30:24,1.4,1.7,1.9,2.0,60.6,25.0,1240,10,1569,False,True,False,False,True,False,False,True,RESPIRATOR,False
2026-08-24T22:30:25,1.4,1.7,1.9,2.0,60.6,25.0,1240,10,1568,False,True,False,False,True,False,False,True,RESPIRATOR,False
2026-08-24T22:30:26,1.4,1.7,1.9,2.0,60.6,25.0,1240,10,1568,False,True,False,False,True,False,False,True,RESPIRATOR,False
2026-08-24T22:30:27,1.4,1.7,1.9,2.0,60.6,25.0,1240,10,1567,False,True,False,False,True,False,False,True,RESPIRATOR,False
2026-08-24T22:30:28,1.4,1.7,1.9,2.0,60.6,25.0,1240,10,1566,False,True,False,False,True,False,False,True,RESPIRATOR,False
2026-08-24T22:30:29,1.4,1.7,1.9,2.0,60.6,25.0,1240,10,1566,False,True,False,False,True,False,False,True,RESPIRATOR,False
2026-08-24T22:30:30,1.4,1.7,1.9,2.0,60.6,25.0,1240,10,1565,False,True,False,False,True,False,False,True,RESPIRATOR,False
2026-08-24T22:30:31,1.4,1.7,1.9,2.0,60.6,25.0,1240,10,1565,False,True,False,False,True,False,False,True,RESPIRATOR,False
2026-08-24T22:30:32,1.4,1.7,1.9,2.0,60.6,25.0,1240,10,1564,False,True,False,False,True,False,False,True,RESPIRATOR,False
2026-08-24T22:30:33,1.4,1.7,1.9,2.0,60.6,25.0,1240,10,1563,False,True,False,False,True,False,False,True,RESPIRATOR,False
2026-08-24T22:30:34,1.4,1.7,1.9,2.0,60.7,25.0,1240,10,1563,False,True,False,False,True,False,False,True,RESPIRATOR,False
2026-08-24T22:30:35,1.4,1.7,1.9,2.0,60.7,25.0,1240,10,1562,False,True,False,False,True,False,False,True,RESPIRATOR,False
2026-08-24T22:30:36,1.4,1.7,1.9,2.0,60.7,25.0,1240,10,1562,False,True,False,False,True,False,False,True,RESPIRATOR,False
2026-08-24T22:30:37,1.4,1.7,1.9,2.0,60.7,25.0,1240,10,1562,False,True,False,False,True,False,False,True,RESPIRATOR,False
2026-08-24T22:30:38,1.4,1.7,1.9,2.0,60.7,25.0,1240,10,1562,False,True,False,False,True,False,False,True,RESPIRATOR,False
2026-08-24T22:30:39,1.4,1.7,1.9,2.0,60.7,25.0,1240,10,1562,False,True,False,False,True,False,False,True,RESPIRATOR,False
2026-08-24T22:30:40,1.4,1.7,1.9,2.0,60.7,25.0,1240,10,1562,False,True,False,False,True,False,False,True,RESPIRATOR,False
2026-08-24T22:30:41,1.5,1.8,2.1,2.2,60.7,25.0,1240,10,1562,False,True,False,False,True,False,False,True,RESPIRATOR,False
2026-08-24T22:30:42,1.5,1.8,2.1,2.2,60.6,25.0,1240,10,1561,False,True,False,False,True,False,False,True,RESPIRATOR,False
2026-08-24T22:30:43,1.5,1.8,2.1,2.2,60.6,25.0,1240,10,1560,False,True,False,False,True,False,False,True,RESPIRATOR,False
2026-08-24T22:30:44,1.5,1.8,2.1,2.2,60.6,25.0,1240,10,1560,False,True,False,False,True,False,False,True,RESPIRATOR,False
2026-08-24T22:30:45,1.5,1.8,2.1,2.2,60.6,25.0,1240,10,1559,False,True,False,False,True,False,False,True,RESPIRATOR,False
2026-08-24T22:30:46,1.5,1.8,2.1,2.2,60.5,25.0,1240,10,1559,False,True,False,False,True,False,False,True,RESPIRATOR,False
2026-08-24T22:30:47,1.5,1.8,2.1,2.2,60.5,25.0,1240,10,1558,False,True,False,False,True,False,False,True,RESPIRATOR,False
2026-08-24T22:30:48,1.5,1.8,2.1,2.2,60.5,25.0,1240,10,1558,False,True,False,False,True,False,False,True,RESPIRATOR,False
2026-08-24T22:30:49,1.5,1.8,2.1,2.2,60.4,25.0,1240,10,1557,False,True,False,False,True,False,False,True,RESPIRATOR,False
2026-08-24T22:30:50,1.5,1.8,2.1,2.2,60.4,25.0,1240,10,1557,False,True,False,False,True,False,False,True,RESPIRATOR,False
2026-08-24T22:30:51,1.5,1.8,2.1,2.2,60.4,25.0,1240,10,1556,False,True,False,False,True,False,False,True,RESPIRATOR,False
2026-08-24T22:30:52,1.5,1.8,2.1,2.2,60.4,25.0,1240,10,1555,False,True,False,False,True,False,False,True,RESPIRATOR,False
2026-08-24T22:30:53,1.5,1.8,2.1,2.2,60.5,25.0,1240,10,1555,False,True,False,False,True,False,False,True,RESPIRATOR,False
2026-08-24T22:30:54,1.5,1.8,2.1,2.2,60.6,25.0,1240,10,1554,False,True,False,False,True,False,False,True,RESPIRATOR,False
2026-08-24T22:30:55,1.5,1.8,2.1,2.2,60.7,25.0,1240,10,1554,False,True,False,False,True,False,False,True,RESPIRATOR,False
2026-08-24T22:30:56,1.5,1.8,2.1,2.2,60.8,25.0,1240,10,1553,False,True,False,False,True,False,False,True,RESPIRATOR,False
2026-08-24T22:40:34,6553.5,6553.5,6553.5,6553.5,50.1,28.2,0,0,65535,True,False,False,True,False,,,,,
2026-08-24T22:40:35,6553.5,6553.5,6553.5,6553.5,50.1,28.2,0,0,65535,True,False,False,True,False,,,,,
2026-08-24T22:40:36,0.0,0.0,0.0,0.0,50.1,28.2,0,0,65535,False,False,False,True,False,,,,,
2026-08-24T22:40:37,0.0,0.1,0.1,0.1,50.1,28.2,0,0,65535,False,False,False,True,False,,,,,
2026-08-24T22:40:38,0.2,0.3,0.3,0.3,50.1,28.2,0,0,65535,False,False,False,True,False,,,,,
2026-08-24T22:40:39,0.3,0.4,0.4,0.5,50.1,28.2,0,0,1701,False,False,False,False,False,,,,,
2026-08-24T22:40:40,0.5,0.6,0.7,0.7,50.1,28.2,0,0,1701,False,False,False,False,False,,,,,
2026-08-24T22:40:41,0.5,0.6,0.7,0.7,50.1,28.2,0,0,1701,False,False,False,False,False,,,,,
2026-08-24T22:40:42,0.6,0.7,0.8,0.9,50.1,28.2,0,0,1701,False,False,False,False,False,,,,,
2026-08-24T22:40:43,0.6,0.7,0.8,0.9,50.1,28.2,0,0,1701,False,False,False,False,False,,,,,
2026-08-24T22:40:44,0.6,0.7,0.8,0.9,50.1,28.2,0,0,1697,False,False,False,False,False,,,,,
2026-08-24T22:40:45,0.6,0.7,0.8,0.9,50.1,28.2,0,0,1693,False,False,False,False,False,,,,,
2026-08-24T22:40:46,0.6,0.7,0.8,0.9,50.1,28.2,0,0,1690,False,False,False,False,False,,,,,
2026-08-24T22:40:47,0.6,0.7,0.8,0.9,50.2,28.2,0,0,1686,False,False,False,False,False,,,,,
2026-08-24T22:40:48,0.7,0.9,0.9,1.0,50.2,28.2,0,0,1683,False,False,False,False,False,,,,,
2026-08-24T22:40:49,0.7,0.9,0.9,1.0,50.2,28.2,0,0,1678,False,False,False,False,False,,,,,
2026-08-24T22:40:50,0.7,0.9,0.9,1.0,50.2,28.2,0,0,1674,False,False,False,False,False,,,,,
2026-08-24T22:40:51,0.7,0.9,0.9,1.0,50.2,28.2,0,0,1670,False,False,False,False,False,,,,,
2026-08-24T22:40:52,0.7,0.9,0.9,1.0,50.2,28.2,0,0,1666,False,False,False,False,False,,,,,
2026-08-24T22:40:53,0.7,0.9,0.9,1.0,50.2,28.2,0,0,1662,False,False,False,False,False,,,,,
2026-08-24T22:40:54,0.8,1.0,1.1,1.1,50.2,28.2,0,0,1661,False,False,False,False,False,,,,,
2026-08-24T22:40:55,0.8,1.0,1.1,1.1,50.2,28.2,0,0,1661,False,False,False,False,False,,,,,
2026-08-24T22:40:56,0.8,1.0,1.1,1.1,50.2,28.2,0,0,1661,False,False,False,False,False,,,,,
2026-08-24T22:40:57,0.8,1.0,1.1,1.1,50.2,28.1,0,0,1661,False,False,False,False,False,,,,,
2026-08-24T22:40:58,0.8,1.0,1.1,1.1,50.2,28.1,0,0,1661,False,False,False,False,False,,,,,
2026-08-24T22:40:59,0.8,1.0,1.1,1.1,50.2,28.1,0,0,1659,False,False,False,False,False,,,,,
2026-08-24T22:41:00,0.9,1.1,1.2,1.2,50.2,28.1,0,0,1657,False,False,False,False,False,,,,,
2026-08-24T22:41:01,0.9,1.1,1.2,1.2,50.2,28.1,0,0,1656,False,False,False,False,False,,,,,
2026-08-24T22:41:02,0.9,1.1,1.2,1.2,50.2,28.1,0,0,1654,False,False,False,False,False,,,,,
2026-08-24T22:41:03,0.9,1.1,1.2,1.2,50.2,28.0,0,0,1653,False,False,False,False,False,,,,,
2026-08-24T22:41:04,0.9,1.1,1.2,1.2,50.2,28.0,0,0,1652,False,False,False,False,False,,,,,
2026-08-24T22:41:05,0.9,1.1,1.2,1.2,50.2,28.0,0,0,1651,False,False,False,False,False,,,,,
2026-08-24T22:41:06,1.0,1.2,1.3,1.4,50.2,27.9,0,0,1651,False,False,False,False,False,,,,,
2026-08-24T22:41:07,1.0,1.2,1.3,1.4,50.2,27.8,0,0,1650,False,False,False,False,False,,,,,
2026-08-24T22:41:08,1.0,1.2,1.3,1.4,50.2,27.8,0,0,1650,False,False,False,False,False,,,,,
2026-08-24T22:41:09,1.0,1.2,1.3,1.4,50.2,27.7,0,0,1645,False,False,False,False,False,,,,,
2026-08-24T22:41:10,1.0,1.2,1.3,1.4,50.2,27.6,0,0,1641,False,False,False,False,False,,,,,
2026-08-24T22:41:11,1.0,1.2,1.3,1.4,50.2,27.5,0,0,1636,False,False,False,False,False,,,,,
2026-08-24T22:41:12,1.0,1.2,1.3,1.4,50.2,27.3,0,0,1632,False,False,False,False,False,,,,,
2026-08-24T22:41:13,1.0,1.2,1.3,1.4,50.3,27.2,0,0,1633,False,False,False,False,False,,,,,
2026-08-24T22:41:14,1.1,1.3,1.4,1.5,50.4,27.1,0,0,1635,False,False,False,False,False,,,,,
2026-08-24T22:41:15,1.1,1.3,1.4,1.5,50.8,27.0,0,0,1636,False,False,False,False,False,,,,,
2026-08-24T22:41:16,1.1,1.3,1.4,1.5,51.3,26.8,0,0,1638,False,False,False,False,False,,,,,
2026-08-24T22:41:17,1.1,1.3,1.4,1.5,51.8,26.7,0,0,1640,False,False,False,False,False,,,,,
2026-08-24T22:41:18,1.1,1.3,1.4,1.5,52.3,26.6,0,0,1641,False,False,False,False,False,,,,,
2026-08-24T22:41:19,1.1,1.3,1.4,1.5,52.8,26.4,0,0,1643,False,False,False,False,False,,,,,
2026-08-24T22:41:20,1.1,1.3,1.4,1.5,53.2,26.3,1110,10,1645,False,True,False,False,False,,,,,
2026-08-24T22:41:21,1.1,1.3,1.4,1.5,53.6,26.2,1110,10,1647,False,True,False,False,False,,,,,
2026-08-24T22:41:22,1.1,1.3,1.4,1.5,54.0,26.1,1110,10,1649,False,True,False,False,False,,,,,
2026-08-24T22:41:23,1.1,1.3,1.4,1.5,54.4,26.0,1110,10,1650,False,True,False,False,True,False,False,True,RESPIRATOR,False
2026-08-24T22:41:24,1.2,1.4,1.6,1.6,54.8,25.9,1110,10,1651,False,True,False,False,True,False,False,True,RESPIRATOR,False
2026-08-24T22:41:25,1.2,1.4,1.6,1.6,55.1,25.8,1110,10,1652,False,True,False,False,True,False,False,True,RESPIRATOR,False
2026-08-24T22:41:26,1.2,1.4,1.6,1.6,55.4,25.8,1110,10,1653,False,True,False,False,True,False,False,True,RESPIRATOR,False
2026-08-24T22:41:27,1.2,1.4,1.6,1.6,55.7,25.7,1110,10,1654,False,True,False,False,True,False,False,True,RESPIRATOR,False
2026-08-24T22:41:28,1.2,1.4,1.6,1.6,56.0,25.6,1110,10,1654,False,True,False,False,True,False,False,True,RESPIRATOR,False
2026-08-24T22:41:29,1.2,1.4,1.6,1.6,56.2,25.5,1110,10,1655,False,True,False,False,True,False,False,True,RESPIRATOR,False
2026-08-24T22:41:30,1.2,1.4,1.6,1.6,56.5,25.5,1110,10,1656,False,True,False,False,True,False,False,True,RESPIRATOR,False
2026-08-24T22:41:31,1.2,1.4,1.6,1.6,56.8,25.4,1110,10,1657,False,True,False,False,True,False,False,True,RESPIRATOR,False
2026-08-24T22:41:32,1.2,1.4,1.6,1.6,57.1,25.4,1110,10,1658,False,True,False,False,True,False,False,True,RESPIRATOR,False
2026-08-24T22:41:33,1.2,1.4,1.6,1.6,57.5,25.3,1110,10,1659,False,True,False,False,True,False,False,True,RESPIRATOR,False
2026-08-24T22:41:34,1.2,1.4,1.6,1.6,57.8,25.3,1110,10,1660,False,True,False,False,True,True,True,False,RESPIRATOR,True
2026-08-24T22:41:35,1.2,1.4,1.6,1.6,58.1,25.2,1110,10,1662,False,True,False,False,True,True,False,False,RESPIRATOR,False
2026-08-24T22:41:36,1.3,1.5,1.7,1.8,58.3,25.2,1110,10,1663,False,True,False,False,True,True,False,False,RESPIRATOR,False
2026-08-24T22:41:37,1.3,1.5,1.7,1.8,58.5,25.2,1110,10,1665,False,True,False,False,True,True,False,False,RESPIRATOR,False
2026-08-24T22:41:38,1.3,1.5,1.7,1.8,58.6,25.1,1110,10,1665,False,True,False,False,True,True,False,False,RESPIRATOR,False
2026-08-24T22:41:39,1.3,1.5,1.7,1.8,58.8,25.1,1110,10,1666,False,True,False,False,True,False,True,False,RESPIRATOR,True
2026-08-24T22:41:40,1.3,1.5,1.7,1.8,58.9,25.1,1110,10,1666,False,True,False,False,True,False,True,False,RESPIRATOR,True
2026-08-24T22:41:41,1.3,1.5,1.7,1.8,59.0,25.1,1110,10,1667,False,True,False,False,True,False,True,False,RESPIRATOR,True
2026-08-24T22:41:42,1.3,1.5,1.7,1.8,59.1,25.1,1110,10,1668,False,True,False,False,True,False,True,False,RESPIRATOR,True
2026-08-24T22:41:43,1.3,1.5,1.7,1.8,59.2,25.0,1110,10,1675,False,True,False,False,True,True,True,False,RESPIRATOR,True
2026-08-24T22:41:44,1.3,1.5,1.7,1.8,59.4,25.0,1110,10,1682,False,True,False,False,True,False,False,True,RESPIRATOR,False
2026-08-24T22:41:45,1.3,1.5,1.7,1.8,59.5,25.0,1110,10,1689,False,True,False,False,True,False,False,True,RESPIRATOR,False
2026-08-24T22:41:46,1.3,1.5,1.7,1.8,59.6,25.0,1110,10,1696,False,True,False,False,True,False,False,True,RESPIRATOR,False
2026-08-24T22:41:47,1.3,1.5,1.7,1.8,59.7,25.0,1110,10,1703,False,True,False,False,True,False,False,True,RESPIRATOR,False
2026-08-24T22:41:48,1.3,1.5,1.7,1.8,59.7,25.0,1110,10,1703,False,True,False,False,True,True,False,False,RESPIRATOR,False
2026-08-24T22:41:49,1.3,1.5,1.7,1.8,59.8,25.0,1110,10,1703,False,True,False,False,True,True,False,False,RESPIRATOR,False
2026-08-24T22:41:50,1.3,1.5,1.7,1.8,59.8,25.0,1110,10,1703,False,True,False,False,True,True,False,False,RESPIRATOR,False
2026-08-24T22:41:51,1.3,1.5,1.7,1.8,59.8,25.0,1110,10,1703,False,True,False,False,True,True,False,False,RESPIRATOR,False
2026-08-24T22:41:52,1.3,1.5,1.7,1.8,59.8,25.0,1110,10,1703,False,True,False,False,True,True,False,False,RESPIRATOR,False
2026-08-24T22:41:53,1.3,1.5,1.7,1.8,59.9,24.9,1110,10,1703,False,True,False,False,True,True,False,False,RESPIRATOR,False
2026-08-24T22:41:54,1.3,1.5,1.7,1.8,59.9,24.9,1110,10,1704,False,True,False,False,True,False,False,True,RESPIRATOR,False
2026-08-24T22:41:55,1.3,1.5,1.7,1.8,59.9,24.9,1110,10,1704,False,True,False,False,True,False,False,True,RESPIRATOR,False
2026-08-24T22:41:56,1.3,1.5,1.7,1.8,59.9,24.9,1110,10,1705,False,True,False,False,True,False,False,True,RESPIRATOR,False
2026-08-24T22:41:57,1.3,1.5,1.7,1.8,60.0,24.9,1110,10,1704,False,True,False,False,True,False,False,True,RESPIRATOR,False
2026-08-24T22:41:58,1.3,1.5,1.7,1.8,60.0,24.9,1110,10,1703,False,True,False,False,True,False,False,True,RESPIRATOR,False
2026-08-24T22:41:59,1.3,1.5,1.7,1.8,60.1,24.9,1100,10,1703,False,True,False,False,True,False,False,True,RESPIRATOR,False
2026-08-24T22:42:00,1.3,1.5,1.7,1.8,60.3,24.9,1100,10,1702,False,True,False,False,True,False,False,True,RESPIRATOR,False
2026-08-24T22:42:01,1.3,1.5,1.7,1.8,60.4,24.9,1100,10,1702,False,True,False,False,True,False,False,True,RESPIRATOR,False
2026-08-24T22:42:02,1.3,1.5,1.7,1.8,60.6,24.8,1100,10,1702,False,True,False,False,True,False,False,True,RESPIRATOR,False
2026-08-24T22:42:03,1.3,1.5,1.7,1.8,60.8,24.8,1100,10,1702,False,True,False,False,True,False,False,True,RESPIRATOR,False
2026-08-24T22:42:04,1.3,1.5,1.7,1.8,61.0,24.8,1100,10,1702,False,True,False,False,True,False,False,True,RESPIRATOR,False
2026-08-24T22:42:05,1.3,1.5,1.7,1.8,61.1,24.8,1100,10,1702,False,True,False,False,True,False,False,True,RESPIRATOR,False
2026-08-24T22:42:06,1.3,1.5,1.7,1.8,61.3,24.8,1100,10,1702,False,True,False,False,True,False,False,True,RESPIRATOR,False
2026-08-24T22:42:07,1.3,1.5,1.7,1.8,61.4,24.8,1100,10,1702,False,True,False,False,True,False,False,True,RESPIRATOR,False
2026-08-24T22:42:08,1.3,1.5,1.7,1.8,61.6,24.8,1110,10,1703,False,True,False,False,True,False,False,True,RESPIRATOR,False
2026-08-24T22:42:09,1.3,1.5,1.7,1.8,61.7,24.8,1110,10,1704,False,True,False,False,True,False,False,True,RESPIRATOR,False
2026-08-24T22:42:10,1.3,1.5,1.7,1.8,61.8,24.8,1110,10,1705,False,True,False,False,True,False,False,True,RESPIRATOR,False
2026-08-24T22:42:11,1.3,1.5,1.7,1.8,61.9,24.8,1110,10,1706,False,True,False,False,True,False,False,True,RESPIRATOR,False
2026-08-24T22:42:12,1.3,1.5,1.7,1.8,62.0,24.8,1110,10,1706,False,True,False,False,True,False,False,True,RESPIRATOR,False
2026-08-24T22:42:13,1.3,1.5,1.7,1.8,62.1,24.8,1110,10,1706,False,True,False,False,True,False,False,True,RESPIRATOR,False
2026-08-24T22:42:14,1.3,1.5,1.7,1.8,62.2,24.8,1110,10,1707,False,True,False,False,True,False,False,True,RESPIRATOR,False
2026-08-24T22:42:15,1.3,1.5,1.7,1.8,62.3,24.8,1110,10,1707,False,True,False,False,True,False,False,True,RESPIRATOR,False
2026-08-24T22:42:16,1.3,1.5,1.7,1.8,62.3,24.8,1110,10,1708,False,True,False,False,True,False,False,True,RESPIRATOR,False
2026-08-24T22:42:17,1.3,1.5,1.7,1.8,62.3,24.8,1110,10,1708,False,True,False,False,True,False,False,True,RESPIRATOR,False
2026-08-24T22:42:18,1.3,1.5,1.7,1.8,62.3,24.8,1110,10,1709,False,True,False,False,True,False,False,True,RESPIRATOR,False
2026-08-24T22:42:19,1.3,1.5,1.7,1.8,62.3,24.8,1110,10,1710,False,True,False,False,True,False,False,True,RESPIRATOR,False
2026-08-24T22:42:20,1.3,1.5,1.7,1.8,62.2,24.8,1110,10,1711,False,True,False,False,True,False,False,True,RESPIRATOR,False
2026-08-24T22:42:21,1.3,1.5,1.7,1.8,62.2,24.8,1110,10,1712,False,True,False,False,True,False,False,True,RESPIRATOR,False
2026-08-24T22:42:22,1.3,1.5,1.7,1.8,62.1,24.8,1110,10,1712,False,True,False,False,True,False,False,True,RESPIRATOR,False
2026-08-24T22:42:23,1.3,1.5,1.7,1.8,62.0,24.8,1110,10,1712,False,True,False,False,True,False,False,True,RESPIRATOR,False
2026-08-24T22:42:24,1.3,1.5,1.7,1.8,62.0,24.8,1110,10,1712,False,True,False,False,True,False,False,True,RESPIRATOR,False
2026-08-24T22:42:25,1.3,1.5,1.7,1.8,61.9,24.8,1110,10,1712,False,True,False,False,True,False,False,True,RESPIRATOR,False
2026-08-24T22:42:26,1.3,1.5,1.7,1.8,61.8,24.8,1110,10,1712,False,True,False,False,True,False,False,True,RESPIRATOR,False
2026-08-24T22:42:27,1.3,1.5,1.7,1.8,61.7,24.8,1110,10,1713,False,True,False,False,True,False,False,True,RESPIRATOR,False
2026-08-24T22:42:28,1.3,1.5,1.7,1.8,61.7,24.8,1110,10,1713,False,True,False,False,True,False,False,True,RESPIRATOR,False
2026-08-24T22:42:29,1.3,1.5,1.7,1.8,61.7,24.8,1110,10,1714,False,True,False,False,True,False,False,True,RESPIRATOR,False
2026-08-24T22:42:30,1.3,1.5,1.7,1.8,61.8,24.8,1110,10,1715,False,True,False,False,True,False,False,True,RESPIRATOR,False
2026-08-24T22:42:31,1.3,1.5,1.7,1.8,61.9,24.8,1110,10,1715,False,True,False,False,True,False,False,True,RESPIRATOR,False
2026-08-24T22:42:32,1.3,1.5,1.7,1.8,62.0,24.8,1110,10,1715,False,True,False,False,True,False,False,True,RESPIRATOR,False
2026-08-24T22:42:33,1.3,1.5,1.7,1.8,62.2,24.8,1110,10,1716,False,True,False,False,True,False,False,True,RESPIRATOR,False
2026-08-24T22:42:34,1.3,1.5,1.7,1.8,62.2,24.8,1110,10,1716,False,True,False,False,True,False,False,True,RESPIRATOR,False
2026-08-24T22:42:35,1.3,1.5,1.7,1.8,62.3,24.8,1110,10,1717,False,True,False,False,True,False,False,True,RESPIRATOR,False
2026-08-24T22:42:36,1.3,1.5,1.7,1.8,62.3,24.8,1110,10,1717,False,True,False,False,True,False,False,True,RESPIRATOR,False
2026-08-24T22:42:37,1.3,1.5,1.7,1.8,62.3,24.9,1110,10,1718,False,True,False,False,True,False,False,True,RESPIRATOR,False
2026-08-24T22:42:38,1.3,1.5,1.7,1.8,62.4,24.9,1110,10,1719,False,True,False,False,True,False,False,True,RESPIRATOR,False
2026-08-24T22:42:39,1.3,1.5,1.7,1.8,62.5,24.9,1110,10,1720,False,True,False,False,True,False,False,True,RESPIRATOR,False
2026-08-24T22:42:40,1.3,1.5,1.7,1.8,62.5,24.9,1110,10,1721,False,True,False,False,True,False,False,True,RESPIRATOR,False
2026-08-24T22:42:41,1.3,1.5,1.7,1.8,62.4,24.9,1110,10,1725,False,True,False,False,True,False,False,True,RESPIRATOR,False
2026-08-24T22:42:42,1.3,1.5,1.7,1.8,62.4,24.9,1110,10,1729,False,True,False,False,True,False,False,True,RESPIRATOR,False
2026-08-24T22:42:43,1.3,1.5,1.7,1.8,62.4,24.9,1110,10,1733,False,True,False,False,True,False,False,True,RESPIRATOR,False
2026-08-24T22:42:44,1.3,1.5,1.7,1.8,62.3,24.9,1110,10,1737,False,True,False,False,True,False,False,True,RESPIRATOR,False
2026-08-24T22:42:45,1.3,1.5,1.7,1.8,62.3,24.9,1110,10,1742,False,True,False,False,True,False,False,True,RESPIRATOR,False
2026-08-24T22:42:46,1.3,1.5,1.7,1.8,62.2,24.9,1110,10,1749,False,True,False,False,True,False,False,True,RESPIRATOR,False
2026-08-24T22:42:47,1.3,1.5,1.7,1.8,62.1,24.9,1110,10,1756,False,True,False,False,True,False,False,True,RESPIRATOR,False
2026-08-24T22:42:48,1.3,1.5,1.7,1.8,62.1,24.9,1120,10,1763,False,True,False,False,True,False,False,True,RESPIRATOR,False
2026-08-24T22:42:49,1.3,1.5,1.7,1.8,62.0,24.9,1120,10,1770,False,True,False,False,True,False,False,True,RESPIRATOR,False
2026-08-24T22:42:50,1.3,1.5,1.7,1.8,62.0,24.9,1120,10,1777,False,True,False,False,True,False,False,True,RESPIRATOR,False
2026-08-24T22:42:51,1.3,1.5,1.7,1.8,61.9,25.0,1120,10,1781,False,True,False,False,True,False,False,True,RESPIRATOR,False
2026-08-24T22:42:52,1.3,1.5,1.7,1.8,61.8,25.0,1120,10,1785,False,True,False,False,True,False,False,True,RESPIRATOR,False
2026-08-24T22:42:53,1.3,1.5,1.7,1.8,61.7,25.0,1120,10,1789,False,True,False,False,True,False,False,True,RESPIRATOR,False
2026-08-24T22:42:54,1.3,1.5,1.7,1.8,61.7,25.0,1120,10,1793,False,True,False,False,True,False,False,True,RESPIRATOR,False
2026-08-24T22:42:55,1.3,1.5,1.7,1.8,61.6,25.0,1120,10,1797,False,True,False,False,True,False,False,True,RESPIRATOR,False
2026-08-24T22:42:56,1.3,1.5,1.7,1.8,61.5,25.0,1120,10,1797,False,True,False,False,True,False,False,True,RESPIRATOR,False
2026-08-24T22:42:57,1.3,1.5,1.7,1.8,61.5,25.0,1120,10,1797,False,True,False,False,True,False,False,True,RESPIRATOR,False
2026-08-24T22:42:58,1.3,1.5,1.7,1.8,61.4,25.0,1120,10,1798,False,True,False,False,True,False,False,True,RESPIRATOR,False
2026-08-24T22:42:59,1.3,1.5,1.7,1.8,61.4,25.0,1120,10,1798,False,True,False,False,True,False,False,True,RESPIRATOR,False
2026-08-24T22:43:00,1.3,1.5,1.7,1.8,61.3,25.0,1120,10,1799,False,True,False,False,True,False,False,True,RESPIRATOR,False
2026-08-24T22:43:01,1.3,1.5,1.7,1.8,61.3,25.0,1120,10,1799,False,True,False,False,True,False,False,True,RESPIRATOR,False
2026-08-24T22:43:02,1.3,1.5,1.7,1.8,61.2,25.0,1120,10,1799,False,True,False,False,True,False,False,True,RESPIRATOR,False
2026-08-24T22:43:03,1.3,1.5,1.7,1.8,61.2,25.0,1120,10,1799,False,True,False,False,True,False,False,True,RESPIRATOR,False
2026-08-24T22:43:04,1.3,1.5,1.7,1.8,61.1,25.0,1120,10,1799,False,True,False,False,True,False,False,True,RESPIRATOR,False
2026-08-24T22:43:05,1.3,1.5,1.7,1.8,61.0,25.0,1120,10,1798,False,True,False,False,True,False,False,True,RESPIRATOR,False
2026-08-24T22:43:06,1.4,1.6,1.8,1.9,61.0,25.0,1120,10,1798,False,True,False,False,True,False,False,True,RESPIRATOR,False
2026-08-24T22:43:07,1.4,1.6,1.8,1.9,60.9,25.0,1120,10,1798,False,True,False,False,True,False,False,True,RESPIRATOR,False
